Title	URL	Assignees	Status
US 02	https://github.com/vietlele01012001/Mobile-repo/issues/1		
US 01	https://github.com/vietlele01012001/FE-Repo/issues/3		
US 03	https://github.com/vietlele01012001/DevOps-repo/issues/1		
US 04	https://github.com/vietlele01012001/BE-code/issues/1		
US 05	https://github.com/vietlele01012001/FE-Repo/issues/4		
US 06	https://github.com/vietlele01012001/DevOps-repo/issues/2		
US 07	https://github.com/vietlele01012001/BE-code/issues/2		
US 08	https://github.com/vietlele01012001/DevOps-repo/issues/3		
US 09	https://github.com/vietlele01012001/BE-code/issues/3		
US 10	https://github.com/vietlele01012001/BE-code/issues/4		